-- phpMyAdmin SQL Dump
-- version 4.6.4
-- https://www.phpmyadmin.net/
--
-- 主機: 127.0.0.1
-- 產生時間： 2017-06-23 13:23:26
-- 伺服器版本: 5.7.14
-- PHP 版本： 5.6.25

SET SQL_MODE = "NO_AUTO_VALUE_ON_ZERO";
SET time_zone = "+00:00";


/*!40101 SET @OLD_CHARACTER_SET_CLIENT=@@CHARACTER_SET_CLIENT */;
/*!40101 SET @OLD_CHARACTER_SET_RESULTS=@@CHARACTER_SET_RESULTS */;
/*!40101 SET @OLD_COLLATION_CONNECTION=@@COLLATION_CONNECTION */;
/*!40101 SET NAMES utf8mb4 */;

--
-- 資料庫： `logistics`
--

-- --------------------------------------------------------

--
-- 資料表結構 `invoice`
--

CREATE TABLE `invoice` (
  `inv_id` int(11) NOT NULL,
  `receiver_name` varchar(15) CHARACTER SET utf8 COLLATE utf8_unicode_ci NOT NULL,
  `receiver_phone` varchar(10) NOT NULL,
  `receiver_email` varchar(35) NOT NULL,
  `arrive_time` datetime NOT NULL,
  `arrive_address` varchar(35) CHARACTER SET utf8 COLLATE utf8_unicode_ci NOT NULL,
  `send_time` datetime NOT NULL,
  `total_price` float DEFAULT NULL,
  `if_success` int(1) DEFAULT NULL,
  `mem_id` int(11) NOT NULL
) ENGINE=MyISAM DEFAULT CHARSET=latin1;

--
-- 資料表的匯出資料 `invoice`
--

INSERT INTO `invoice` (`inv_id`, `receiver_name`, `receiver_phone`, `receiver_email`, `arrive_time`, `arrive_address`, `send_time`, `total_price`, `if_success`, `mem_id`) VALUES
(126, 'sasdjak', '0945645465', 'adjo@asd.dsa', '2017-06-10 00:00:00', 'asodkaok', '2017-06-09 00:00:00', 285, 0, 4),
(137, 'aocskpok', '094546546', 'saijij@as.as', '2017-06-28 12:13:42', 'aoko', '2017-06-23 12:13:42', 475, 0, 4),
(5, '他11151', '097656576', 'jwid@dfw.dw', '2017-06-27 16:40:11', '每每', '2017-06-22 16:40:11', 31213.5, 1, 4),
(124, 'ajfasoko', '0945645155', 'wkoko@qw.wd', '2017-06-14 00:00:00', 'wfoekok', '2017-06-08 00:00:00', 210, 1, 4),
(48, 'sfasjko', '094564654', 'fjij@wqd.dwq', '2017-06-22 00:00:00', 'wokowkok', '2017-06-21 00:00:00', 475, 1, 4),
(125, '123', '0946546546', '5ddjoi@qdq.dq', '2017-06-21 00:00:00', 'wqdokqo', '2017-06-14 00:00:00', 1687.58, 0, 4),
(12, 'jsaij', '0946546556', 'saji@wqd.wd', '2017-06-17 00:00:00', '45d646', '2017-06-15 00:00:00', 210, 1, 4),
(6, 'ikdjaoij', '0945465465', 'fijij@dw.wd', '2017-07-01 00:00:00', 'lkaldkl', '2017-06-30 00:00:00', 1110.97, 1, 4),
(13, 'jsaij', '0946546556', 'saji@wqd.wd', '2017-06-17 00:00:00', '45d646', '2017-06-15 00:00:00', 490, 0, 4),
(14, 'fkuhk', '094546465', 'fjhgjh@ygy.gu', '2017-06-10 00:00:00', 'ukykyuiy', '2017-06-08 00:00:00', 190, 0, 4),
(123, '456465', '094564564', 'ghfhgf@tft.gu', '2017-06-23 00:00:00', 'uououiuo', '2017-06-16 00:00:00', 300, 0, 4),
(50, 'saasda', '0946545646', 'wfekok@sds.as', '2017-06-08 00:00:00', 'dpqwlqodk', '2017-06-07 00:00:00', 9106.32, 0, 4),
(15, 'ijdiwjo', '094564654', 'kdjak@asd.as', '2017-06-09 00:00:00', 'd48w48', '2017-06-08 00:00:00', 95, 1, 4),
(49, '尼', '0948456415', 'dwklk@wdq.sa', '2017-06-09 00:00:00', '高雄市左營區', '2017-06-08 00:00:00', 815, 1, 4),
(133, '模機', '0945646546', 'efowk@fw.wfq', '2017-06-28 01:05:56', '高雄市左營區', '2017-06-23 01:05:56', 475, 0, 4),
(131, '尼', '094564456', 'giiok@tyfyu.hi', '2017-06-28 00:54:56', '高雄市左營區', '2017-06-23 00:54:56', 570, 0, 4),
(132, '模機', '0945646546', 'efowk@fw.wfq', '2017-06-28 01:05:56', '高雄市左營區', '2017-06-23 01:05:56', 1019.22, 1, 4),
(134, '每粒', '0945646546', 'ewfok@wqdo.wqd', '2017-06-28 01:08:33', '基隆市一一區', '2017-06-23 01:08:33', 265, 0, 4),
(135, 'wfweok', '0946465465', 'wfjiji@wij.qwd', '2017-06-28 01:35:10', 'weifjoko', '2017-06-23 01:35:10', 570, 0, 4),
(136, 'aaokdoa', '0946546515', 'milk19961014@gmail.com', '2017-06-28 02:06:36', '高雄市左營區', '2017-06-23 02:06:36', 475, 0, 4),
(47, 'fjiji', '0946546515', 'asdji@asd.asd', '2017-06-09 00:00:00', 'aslda', '2017-06-08 00:00:00', 340, 1, 4),
(138, 'SOASKPK', '0946546546', 'asaa@sda.as', '2017-06-28 12:24:02', 'asokaok', '2017-06-23 12:24:02', 849.27, 0, 4),
(139, 'joaidjoi', '0946554654', 'sijij@sda.asd', '2017-06-28 12:24:43', 'oakdoako', '2017-06-23 12:24:43', 475, 0, 4),
(140, 'asdasok', '0946546546', 'saijij@aa.sad', '2017-06-28 12:26:47', 'odkwo', '2017-06-23 12:26:47', 285, 0, 4),
(141, '每粒', '0945646546', 'ewfok@wqdo.wqd', '2017-06-28 01:08:33', '基隆市一一區', '2017-06-23 01:08:33', 265, 0, 4),
(144, 'saijdoasj', '0946545654', 'fijij@asd.as', '2017-06-30 00:00:00', 'aad5as', '2017-06-28 00:00:00', 285, 0, 4),
(143, '一一54545', '0945646546', 'saguujjii@wq.qw', '2017-06-16 00:00:00', '高雄市屋蝦', '2017-06-15 00:00:00', 760, 0, 4),
(145, '165wq', '0945646546', 'fiefjwi@sad.sa', '2017-06-23 00:00:00', 'sadaok', '2017-06-22 00:00:00', 285, 1, 4),
(146, 'asksajpo', '0945645646', 'saijdi@asd.as', '2017-06-28 14:35:54', 'asda', '2017-06-23 14:35:54', 190, 0, 4);

-- --------------------------------------------------------

--
-- 資料表結構 `member`
--

CREATE TABLE `member` (
  `mem_id` int(11) NOT NULL,
  `mem_name` varchar(15) CHARACTER SET utf8 COLLATE utf8_unicode_ci NOT NULL,
  `mem_phone` varchar(10) NOT NULL,
  `mem_address` varchar(35) CHARACTER SET utf8 COLLATE utf8_unicode_ci NOT NULL,
  `mem_email` varchar(35) NOT NULL,
  `mem_account_num` varchar(15) CHARACTER SET utf8 COLLATE utf8_unicode_ci NOT NULL,
  `mem_password` varchar(35) NOT NULL,
  `manager_right` int(11) NOT NULL,
  `mem_birth` datetime NOT NULL,
  `mem_career` varchar(8) CHARACTER SET utf8 COLLATE utf8_unicode_ci NOT NULL,
  `mem_gender` varchar(4) CHARACTER SET utf8 COLLATE utf8_unicode_ci NOT NULL
) ENGINE=MyISAM DEFAULT CHARSET=latin1;

--
-- 資料表的匯出資料 `member`
--

INSERT INTO `member` (`mem_id`, `mem_name`, `mem_phone`, `mem_address`, `mem_email`, `mem_account_num`, `mem_password`, `manager_right`, `mem_birth`, `mem_career`, `mem_gender`) VALUES
(1, 'roy', '09050954', 'myhome', 'roy123@yahoo.com.hk', 'roy123', '123456', 1, '2016-10-19 00:00:00', '', '男'),
(2, 'rook', '0903239', 'home', 'rook123@yahoo.com.hk', 'rook', '123456', 0, '2017-06-06 00:00:00', '', '女'),
(3, 'jager', '888398', 'homes', 'jager123@gmail.com', 'jager123', '123456', 0, '2017-06-02 08:00:00', '', '男'),
(4, 'root', '0978763212', '高雄市', 'znmn@gmail.com', 'root', '123456', 1, '2017-06-29 00:00:00', '醫生', '男');

-- --------------------------------------------------------

--
-- 資料表結構 `package`
--

CREATE TABLE `package` (
  `pac_id` int(11) NOT NULL,
  `pac_type` varchar(15) CHARACTER SET utf8 COLLATE utf8_unicode_ci NOT NULL,
  `pac_length` int(11) NOT NULL,
  `pac_width` int(11) NOT NULL,
  `pac_height` int(11) NOT NULL,
  `pac_weight` int(11) NOT NULL,
  `pac_delivery_method` varchar(15) CHARACTER SET utf8 COLLATE utf8_unicode_ci NOT NULL,
  `pac_price` float NOT NULL,
  `inv_id` int(11) NOT NULL
) ENGINE=MyISAM DEFAULT CHARSET=latin1;

--
-- 資料表的匯出資料 `package`
--

INSERT INTO `package` (`pac_id`, `pac_type`, `pac_length`, `pac_width`, `pac_height`, `pac_weight`, `pac_delivery_method`, `pac_price`, `inv_id`) VALUES
(7, '低溫保鮮品', 15600, 4500, 4, 613, '一般寄件', 30168.3, 5),
(1, '一般常溫用品', 15, 15, 30, 5001, '一般寄件', 130, 123),
(2, '低溫保鮮品', 15600, 4500, 4, 613, '一般寄件', 740.2, 5),
(1, '一般常溫用品', 15, 15, 30, 8464, '一般寄件', 130, 13),
(4, '一般常溫用品', 51, 51, 5, 51, '一般寄件', 95, 14),
(2, '一般常溫用品', 15, 15, 30, 15, '一般寄件', 95, 6),
(3, '易碎品', 15, 15, 30, 15, '一般寄件', 162.375, 6),
(4, '低溫保鮮品', 15, 15, 30, 15, '一般寄件', 853.6, 6),
(3, '一般常溫用品', 15, 15, 60, 5345, '一般寄件', 170, 13),
(4, '一般常溫用品', 15, 15, 15, 15, '一般寄件', 95, 13),
(5, '一般常溫用品', 54, 15, 15, 588, '一般寄件', 95, 13),
(3, '一般常溫用品', 5, 1, 5, 15, '一般寄件', 95, 14),
(1, '一般常溫用品', 15, 64, 51, 6510, '一般寄件', 250, 132),
(2, '一般常溫用品', 165, 165, 46, 5411, '一般寄件', 484.22, 132),
(2, '一般常溫用品', 15, 15, 60, 6000, '一般寄件', 170, 123),
(6, '一般常溫用品', 15, 15, 90, 5001, '一般寄件', 210, 12),
(2, '一般常溫用品', 8798, 48, 48, 5866, '一般寄件', 9011.32, 50),
(3, '一般常溫用品', 135, 4, 51, 513, '急件', 105, 124),
(4, '一般常溫用品', 15, 135, 453, 15, '急件', 105, 124),
(8, '一般常溫用品', 15, 15, 60, 79879, '一般寄件', 1687.58, 125),
(1, '一般常溫用品', 156, 46, 5415, 12, '一般寄件', 95, 50),
(4, '一般常溫用品', 15, 15, 156, 4, '一般寄件', 95, 48),
(3, '一般常溫用品', 51, 521, 35, 135, '一般寄件', 95, 48),
(3, '一般常溫用品', 15, 34, 534, 51, '一般寄件', 95, 126),
(4, '一般常溫用品', 153, 45, 1, 54, '一般寄件', 95, 126),
(5, '一般常溫用品', 51, 45, 5, 45, '一般寄件', 95, 126),
(1, '一般常溫用品', 15, 150, 90, 1565, '一般寄件', 95, 15),
(1, '一般常溫用品', 15600, 4500, 4, 613, '一般寄件', 95, 5),
(2, '一般常溫用品', 156, 15, 1, 65, '一般寄件', 95, 48),
(1, '一般常溫用品', 15, 61, 51, 654, '一般寄件', 95, 49),
(2, '一般常溫用品', 4, 584, 8654, 15, '一般寄件', 95, 49),
(3, '一般常溫用品', 51, 651, 51, 15, '一般寄件', 95, 49),
(4, '一般常溫用品', 15, 15, 15, 156, '一般寄件', 95, 49),
(1, '一般常溫用品', 15, 165, 151, 65, '一般寄件', 95, 48),
(2, '一般常溫用品', 15, 15515, 15, 1, '一般寄件', 95, 135),
(1, '一般常溫用品', 15, 515, 15, 15, '一般寄件', 95, 135),
(2, '一般常溫用品', 15, 15, 90, 1232, '一般寄件', 95, 134),
(1, '一般常溫用品', 15, 15, 60, 15351, '一般寄件', 170, 134),
(5, '一般常溫用品', 15, 15, 51, 6555, '一般寄件', 170, 49),
(3, '一般常溫用品', 1456, 151, 651, 51, '一般寄件', 95, 133),
(4, '一般常溫用品', 15, 64, 654, 5, '一般寄件', 95, 133),
(5, '一般常溫用品', 1, 561, 56, 15, '一般寄件', 95, 133),
(5, '一般常溫用品', 115, 1, 5151, 51, '一般寄件', 95, 135),
(4, '一般常溫用品', 5, 15, 5, 15, '一般寄件', 95, 135),
(3, '一般常溫用品', 515, 1, 51, 515, '一般寄件', 95, 135),
(6, '一般常溫用品', 156, 16, 5156, 156, '一般寄件', 95, 131),
(5, '一般常溫用品', 156, 1, 561, 651, '一般寄件', 95, 131),
(4, '一般常溫用品', 651, 51, 56, 14, '一般寄件', 95, 131),
(3, '一般常溫用品', 53, 165, 1465, 16, '一般寄件', 95, 131),
(2, '一般常溫用品', 1561, 54, 81, 15, '一般寄件', 95, 131),
(1, '一般常溫用品', 15, 1, 561, 56, '一般寄件', 95, 131),
(2, '一般常溫用品', 165, 165, 46, 541, '一般寄件', 95, 133),
(1, '一般常溫用品', 15, 64, 51, 651, '一般寄件', 95, 133),
(5, '一般常溫用品', 1, 561, 56, 15, '一般寄件', 95, 132),
(4, '一般常溫用品', 15, 64, 654, 5, '一般寄件', 95, 132),
(3, '一般常溫用品', 1456, 151, 651, 51, '一般寄件', 95, 132),
(6, '一般常溫用品', 515, 5, 515, 15, '一般寄件', 95, 135),
(1, '一般常溫用品', 515, 51, 51, 5, '一般寄件', 95, 136),
(2, '一般常溫用品', 1, 351, 351, 53, '一般寄件', 95, 136),
(3, '一般常溫用品', 13, 515, 1, 15, '一般寄件', 95, 136),
(4, '一般常溫用品', 51, 51, 35, 153, '一般寄件', 95, 136),
(5, '一般常溫用品', 1, 351, 531, 35, '一般寄件', 95, 136),
(1, '一般常溫用品', 15, 15, 30, 6000, '一般寄件', 130, 47),
(2, '一般常溫用品', 15, 15, 90, 6000, '一般寄件', 210, 47),
(5, '一般常溫用品', 51, 51, 5, 165, '一般寄件', 95, 48),
(6, '一般常溫用品', 1513, 1, 51, 35, '一般寄件', 95, 49),
(1, '一般常溫用品', 15, 15, 1, 516, '一般寄件', 95, 137),
(2, '一般常溫用品', 165, 156, 1651, 25, '一般寄件', 95, 137),
(3, '一般常溫用品', 315, 13, 521, 531, '一般寄件', 95, 137),
(4, '一般常溫用品', 351, 35, 153, 135, '一般寄件', 95, 137),
(5, '一般常溫用品', 351, 351, 3315, 3, '一般寄件', 95, 137),
(1, '一般常溫用品', 156, 15, 61, 51, '一般寄件', 95, 138),
(2, '一般常溫用品', 21, 231, 321, 5, '一般寄件', 95, 138),
(3, '一般常溫用品', 15, 61, 51, 562, '一般寄件', 95, 138),
(4, '一般常溫用品', 15, 13, 35, 135, '一般寄件', 95, 138),
(5, '冷凍保鮮品', 135, 13, 51, 321, '一般寄件', 304.92, 138),
(6, '易碎品', 16, 54, 4, 654, '一般寄件', 164.35, 138),
(1, '一般常溫用品', 156, 156, 165, 1, '一般寄件', 95, 139),
(2, '一般常溫用品', 48, 4, 894, 65, '一般寄件', 95, 139),
(3, '一般常溫用品', 61, 4, 156, 1, '一般寄件', 95, 139),
(4, '一般常溫用品', 165, 165, 46, 541, '一般寄件', 95, 139),
(5, '一般常溫用品', 156, 56, 1, 51, '一般寄件', 95, 139),
(1, '一般常溫用品', 15, 16, 1, 651, '一般寄件', 95, 140),
(2, '一般常溫用品', 56, 456, 4, 156, '一般寄件', 95, 140),
(3, '一般常溫用品', 41, 531, 35, 15, '一般寄件', 95, 140),
(1, '一般常溫用品', 15, 15, 60, 15351, '一般寄件', 170, 141),
(2, '一般常溫用品', 15, 15, 90, 1232, '一般寄件', 95, 141),
(1, '一般常溫用品', 15, 61, 54, 651, '一般寄件', 95, 143),
(2, '一般常溫用品', 1, 351, 35, 354, '一般寄件', 95, 145),
(1, '一般常溫用品', 15, 15, 165, 13, '一般寄件', 95, 145),
(3, '一般常溫用品', 4, 35, 53, 1, '一般寄件', 95, 144),
(2, '一般常溫用品', 35, 354, 1, 35, '一般寄件', 95, 144),
(1, '一般常溫用品', 15, 1, 51, 51, '一般寄件', 95, 144),
(2, '一般常溫用品', 561, 65, 15, 51, '一般寄件', 95, 143),
(3, '一般常溫用品', 5, 16, 516, 51, '一般寄件', 95, 143),
(4, '一般常溫用品', 65, 64, 4, 84, '一般寄件', 95, 143),
(5, '一般常溫用品', 98, 748, 9456, 456, '一般寄件', 95, 143),
(6, '一般常溫用品', 13, 45, 35, 31, '一般寄件', 95, 143),
(7, '一般常溫用品', 53, 153, 53, 513, '一般寄件', 95, 143),
(8, '一般常溫用品', 4, 3, 435, 43, '一般寄件', 95, 143),
(3, '一般常溫用品', 1531, 35, 135, 1351, '一般寄件', 95, 145),
(2, '一般常溫用品', 561, 56, 4, 41, '一般寄件', 95, 146),
(3, '一般常溫用品', 1, 51, 31, 51, '一般寄件', 95, 146),
(15, '一般常溫用品', 15600, 4500, 4, 613, '一般寄件', 210, 5),
(7, '一般常溫用品', 15, 15, 60, 6000, '一般寄件', 170, 49);

--
-- 已匯出資料表的索引
--

--
-- 資料表索引 `invoice`
--
ALTER TABLE `invoice`
  ADD PRIMARY KEY (`inv_id`),
  ADD UNIQUE KEY `inv_id` (`inv_id`),
  ADD KEY `mem_id` (`mem_id`);

--
-- 資料表索引 `member`
--
ALTER TABLE `member`
  ADD PRIMARY KEY (`mem_id`,`mem_account_num`),
  ADD UNIQUE KEY `mem_id` (`mem_id`),
  ADD UNIQUE KEY `mem_account_num` (`mem_account_num`);

--
-- 資料表索引 `package`
--
ALTER TABLE `package`
  ADD PRIMARY KEY (`pac_id`,`inv_id`),
  ADD KEY `inv_id` (`inv_id`);

--
-- 在匯出的資料表使用 AUTO_INCREMENT
--

--
-- 使用資料表 AUTO_INCREMENT `invoice`
--
ALTER TABLE `invoice`
  MODIFY `inv_id` int(11) NOT NULL AUTO_INCREMENT, AUTO_INCREMENT=147;
--
-- 使用資料表 AUTO_INCREMENT `member`
--
ALTER TABLE `member`
  MODIFY `mem_id` int(11) NOT NULL AUTO_INCREMENT, AUTO_INCREMENT=5;
--
-- 使用資料表 AUTO_INCREMENT `package`
--
ALTER TABLE `package`
  MODIFY `pac_id` int(11) NOT NULL AUTO_INCREMENT, AUTO_INCREMENT=154655;
/*!40101 SET CHARACTER_SET_CLIENT=@OLD_CHARACTER_SET_CLIENT */;
/*!40101 SET CHARACTER_SET_RESULTS=@OLD_CHARACTER_SET_RESULTS */;
/*!40101 SET COLLATION_CONNECTION=@OLD_COLLATION_CONNECTION */;
